{"cameraMode":{"drawMode":0,"name":"Shaded","section":"Shading Mode"},"sceneLighting":true,"audioPlay":false,"sceneViewState":{"showFog":false,"showMaterialUpdate":false,"showSkybox":false,"showFlares":false,"showImageEffects":false,"showParticleSystems":false,"showVisualEffectGraphs":true,"m_FxEnabled":true},"in2DMode":false,"pivot":{"x":-3.382205009460449,"y":-14.250314712524414,"z":45.9852180480957},"rotation":{"x":0.15686723589897157,"y":-0.004152236972004175,"z":0.00040778086986392736,"w":0.9877208471298218},"size":26.55758285522461,"orthographic":false}